INSERT INTO user (email, first_name, last_name, gender, birth_date) VALUES
('john.doe@example.com', 'John', 'Doe', 'Male', '1990-05-15'),
('jane.smith@example.com', 'Jane', 'Smith', 'Female', '1985-08-22'),
('alex.jones@example.com', 'Alex', 'Jones', 'Male', '1992-11-10'),
('emma.watson@example.com', 'Emma', 'Watson', 'Female', '1989-04-15'),
('michael.johnson@example.com', 'Michael', 'Johnson', 'Male', '1980-12-03'),
('olivia.white@example.com', 'Olivia', 'White', 'Female', '1995-07-28'),
('ryan.brown@example.com', 'Ryan', 'Brown', 'Male', '1987-09-18'),
('grace.miller@example.com', 'Grace', 'Miller', 'Female', '1993-03-05'),
('nathan.anderson@example.com', 'Nathan', 'Anderson', 'Male', '1998-01-20'),
('sophia.hill@example.com', 'Sophia', 'Hill', 'Female', '1982-06-12'),
('david.thomas@example.com', 'David', 'Thomas', 'Male', '1994-10-08'),
('isabella.wilson@example.com', 'Isabella', 'Wilson', 'Female', '1984-02-25'),
('ethan.martin@example.com', 'Ethan', 'Martin', 'Male', '1991-08-30'),
('ava.morris@example.com', 'Ava', 'Morris', 'Female', '1986-11-17'),
('william.hall@example.com', 'William', 'Hall', 'Male', '1996-04-22'),
('mia.jenkins@example.com', 'Mia', 'Jenkins', 'Female', '1983-07-14'),
('jackson.baker@example.com', 'Jackson', 'Baker', 'Male', '1997-12-09'),
('amelia.gray@example.com', 'Amelia', 'Gray', 'Female', '1981-09-02'),
('logan.cook@example.com', 'Logan', 'Cook', 'Male', '1999-02-18'),
('oliver.rogers@example.com', 'Oliver', 'Rogers', 'Male', '1990-06-25'),
('lily.taylor@example.com', 'Lily', 'Taylor', 'Female', '1988-03-08'),
('henry.green@example.com', 'Henry', 'Green', 'Male', '1992-10-12'),
('chloe.wright@example.com', 'Chloe', 'Wright', 'Female', '1985-05-27'),
('samuel.carter@example.com', 'Samuel', 'Carter', 'Male', '1993-01-15'),
('cool.dude@example.com', 'Cool', 'Dude', 'Male', '1983-01-15');


INSERT INTO user_credentials (hashed_password) VALUES
('hashed_password1'),
('hashed_password2'),
('hashed_password3'),
('hashed_password4'),
('hashed_password5'),
('hashed_password6'),
('hashed_password7'),
('hashed_password8'),
('hashed_password9'),
('hashed_password10'),
('hashed_password11'),
('hashed_password12'),
('hashed_password13'),
('hashed_password14'),
('hashed_password15'),
('hashed_password16'),
('hashed_password17'),
('hashed_password18'),
('hashed_password19'),
('hashed_password20'),
('hashed_password21'),
('hashed_password22'),
('hashed_password23'),
('hashed_password24'),
('hashed_password25');


INSERT INTO intake_log (user_id, intake_type, amount, date) VALUES
(1, 'Water', 500, '2023-11-15'),
(2, 'Calorie', 300, '2023-11-15'),
(3, 'Water', 700, '2023-11-15'),
(4, 'Calorie', 500, '2023-11-15'),
(5, 'Water', 600, '2023-11-15'),
(6, 'Calorie', 400, '2023-11-15'),
(7, 'Water', 800, '2023-11-15'),
(8, 'Calorie', 200, '2023-11-15'),
(9, 'Water', 550, '2023-11-15'),
(10, 'Calorie', 450, '2023-11-15'),
(11, 'Water', 720, '2023-11-15'),
(12, 'Calorie', 250, '2023-11-15'),
(13, 'Water', 670, '2023-11-15'),
(14, 'Calorie', 350, '2023-11-15'),
(15, 'Water', 780, '2023-11-15'),
(16, 'Calorie', 150, '2023-11-15'),
(17, 'Water', 590, '2023-11-15'),
(18, 'Calorie', 410, '2023-11-15'),
(19, 'Water', 660, '2023-11-15'),
(20, 'Calorie', 490, '2023-11-15'),
(21, 'Water', 530, '2023-11-15'),
(22, 'Calorie', 470, '2023-11-15'),
(23, 'Water', 640, '2023-11-15'),
(24, 'Calorie', 360, '2023-11-15'),
(25, 'Water', 760, '2023-11-15');

INSERT INTO physical_health_log (user_id, measure_type, amount, date) VALUES
(1, 'Weight', 75.5, '2023-11-15'),
(1, 'Height', 175.0, '2023-11-15'),
(2, 'Weight', 63.2, '2023-11-15'),
(2, 'Height', 160.5, '2023-11-15'),
(3, 'Weight', 68.8, '2023-11-15'),
(3, 'Height', 180.3, '2023-11-15'),
(4, 'Weight', 82.0, '2023-11-15'),
(4, 'Height', 155.7, '2023-11-15'),
(5, 'Weight', 70.1, '2023-11-15'),
(5, 'Height', 165.4, '2023-11-15'),
(6, 'Weight', 77.9, '2023-11-15'),
(6, 'Height', 170.2, '2023-11-15'),
(7, 'Weight', 65.5, '2023-11-15'),
(7, 'Height', 175.9, '2023-11-15'),
(8, 'Weight', 89.3, '2023-11-15'),
(8, 'Height', 150.0, '2023-11-15'),
(9, 'Weight', 72.6, '2023-11-15'),
(9, 'Height', 162.8, '2023-11-15'),
(10, 'Weight', 74.0, '2023-11-15'),
(10, 'Height', 168.7, '2023-11-15'),
(11, 'Weight', 80.2, '2023-11-15'),
(11, 'Height', 155.0, '2023-11-15'),
(12, 'Weight', 69.7, '2023-11-15'),
(12, 'Height', 160.0, '2023-11-15'),
(13, 'Weight', 85.1, '2023-11-15'),
(13, 'Height', 175.0, '2023-11-15'),
(14, 'Weight', 78.5, '2023-11-15'),
(14, 'Height', 167.3, '2023-11-15'),
(15, 'Weight', 67.2, '2023-11-15'),
(15, 'Height', 182.1, '2023-11-15'),
(16, 'Weight', 92.0, '2023-11-15'),
(16, 'Height', 145.8, '2023-11-15'),
(17, 'Weight', 73.4, '2023-11-15'),
(17, 'Height', 159.2, '2023-11-15'),
(18, 'Weight', 76.8, '2023-11-15'),
(18, 'Height', 170.6, '2023-11-15'),
(19, 'Weight', 84.3, '2023-11-15'),
(19, 'Height', 154.3, '2023-11-15'),
(20, 'Weight', 71.0, '2023-11-15'),
(20, 'Height', 166.5, '2023-11-15'),
(21, 'Weight', 79.6, '2023-11-15'),
(21, 'Height', 162.0, '2023-11-15'),
(22, 'Weight', 66.9, '2023-11-15'),
(22, 'Height', 168.9, '2023-11-15'),
(23, 'Weight', 88.7, '2023-11-15'),
(23, 'Height', 153.2, '2023-11-15'),
(24, 'Weight', 75.1, '2023-11-15'),
(24, 'Height', 157.4, '2023-11-15'),
(25, 'Weight', 82.5, '2023-11-15'),
(25, 'Height', 176.4, '2023-11-15');

INSERT INTO mental_health_log (user_id, stress_level, sleep_quality, mood, recorded_date) VALUES
(1, 'Low', 'Good', 'Happy', '2023-11-15'),
(2, 'Medium', 'Fair', 'Neutral', '2023-11-15'),
(3, 'High', 'Poor', 'Sad', '2023-11-15'),
(4, 'Medium', 'Good', 'Happy', '2023-11-15'),
(5, 'Low', 'Excellent', 'Happy', '2023-11-15'),
(6, 'High', 'Poor', 'Sad', '2023-11-15'),
(7, 'Low', 'Good', 'Happy', '2023-11-15'),
(8, 'Medium', 'Fair', 'Neutral', '2023-11-15'),
(9, 'High', 'Poor', 'Sad', '2023-11-15'),
(10, 'Low', 'Excellent', 'Happy', '2023-11-15'),
(11, 'Medium', 'Good', 'Happy', '2023-11-15'),
(12, 'High', 'Poor', 'Sad', '2023-11-15'),
(13, 'Low', 'Good', 'Happy', '2023-11-15'),
(14, 'Medium', 'Fair', 'Neutral', '2023-11-15'),
(15, 'High', 'Poor', 'Sad', '2023-11-15'),
(16, 'Low', 'Excellent', 'Happy', '2023-11-15'),
(17, 'Medium', 'Good', 'Happy', '2023-11-15'),
(18, 'High', 'Poor', 'Sad', '2023-11-15'),
(19, 'Low', 'Good', 'Happy', '2023-11-15'),
(20, 'Medium', 'Fair', 'Neutral', '2023-11-15'),
(21, 'High', 'Poor', 'Sad', '2023-11-15'),
(22, 'Low', 'Excellent', 'Happy', '2023-11-15'),
(23, 'Medium', 'Good', 'Happy', '2023-11-15'),
(24, 'High', 'Poor', 'Sad', '2023-11-15'),
(25, 'Low', 'Good', 'Happy', '2023-11-15');

INSERT INTO progress_photo (user_id, photo_path, description, date) VALUES
(1, '/photos/user1/photo1.jpg', 'Before starting the fitness journey', '2023-11-15'),
(2, '/photos/user2/photo1.jpg', 'First day at the gym', '2023-11-15'),
(3, '/photos/user3/photo1.jpg', 'Feeling stressed, need a change', '2023-11-15'),
(4, '/photos/user4/photo1.jpg', 'Workout progress snapshot', '2023-11-15'),
(5, '/photos/user5/photo1.jpg', 'Morning workout routine', '2023-11-15'),
(6, '/photos/user6/photo1.jpg', 'Trying to stay positive', '2023-11-15'),
(7, '/photos/user7/photo1.jpg', 'Smiling after a good workout', '2023-11-15'),
(8, '/photos/user8/photo1.jpg', 'Taking a break from work', '2023-11-15'),
(9, '/photos/user9/photo1.jpg', 'Post-workout selfie', '2023-11-15'),
(10, '/photos/user10/photo1.jpg', 'Achieving fitness goals', '2023-11-15'),
(11, '/photos/user11/photo1.jpg', 'Motivated for a healthy lifestyle', '2023-11-15'),
(12, '/photos/user12/photo1.jpg', 'Reflecting on the fitness journey', '2023-11-15'),
(13, '/photos/user13/photo1.jpg', 'Feeling energized after a run', '2023-11-15'),
(14, '/photos/user14/photo1.jpg', 'Relaxing at home', '2023-11-15'),
(15, '/photos/user15/photo1.jpg', 'Happy with the progress', '2023-11-15'),
(16, '/photos/user16/photo1.jpg', 'Morning yoga routine', '2023-11-15'),
(17, '/photos/user17/photo1.jpg', 'Focused on health and wellness', '2023-11-15'),
(18, '/photos/user18/photo1.jpg', 'Gym workout dedication', '2023-11-15'),
(19, '/photos/user19/photo1.jpg', 'Feeling accomplished', '2023-11-15'),
(20, '/photos/user20/photo1.jpg', 'Post-gym glow', '2023-11-15'),
(21, '/photos/user21/photo1.jpg', 'Balancing work and health', '2023-11-15'),
(22, '/photos/user22/photo1.jpg', 'Smiling after a workout session', '2023-11-15'),
(23, '/photos/user23/photo1.jpg', 'Enjoying a healthy meal', '2023-11-15'),
(24, '/photos/user24/photo1.jpg', 'Focused on weightlifting', '2023-11-15'),
(25, '/photos/user25/photo1.jpg', 'Celebrating fitness achievements', '2023-11-15');

INSERT INTO exercise_category (name) VALUES
('Cardiovascular'),
('Strength Training'),
('Flexibility'),
('Balance'),
('Core'),
('Upper Body'),
('Lower Body'),
('Full Body'),
('High Intensity Interval Training (HIIT)'),
('Yoga'),
('Pilates'),
('Running'),
('Cycling'),
('Weightlifting'),
('Swimming'),
('CrossFit'),
('Calisthenics'),
('Martial Arts'),
('Dance'),
('Rowing'),
('Hiking'),
('Elliptical'),
('Plyometrics'),
('Resistance Training'),
('Functional Training');

INSERT INTO exercise_muscle_category (name) VALUES
('Abdominals'),
('Biceps'),
('Triceps'),
('Quadriceps'),
('Hamstrings'),
('Calves'),
('Pectorals'),
('Deltoids'),
('Lats'),
('Rhomboids'),
('Trapezius'),
('Obliques'),
('Erector Spinae'),
('Glutes'),
('Adductors'),
('Abductors'),
('Serratus Anterior'),
('Soleus'),
('Tibialis Anterior'),
('Forearms'),
('Quadratus Lumborum'),
('Rotator Cuff'),
('Sartorius'),
('Iliopsoas');

INSERT INTO exercise_equipment (name, description) VALUES
('Dumbbells', 'Hand-held weights used for resistance training.'),
('Treadmill', 'A device used for walking or running in one place.'),
('Resistance Bands', 'Elastic bands used for strength training.'),
('Kettlebell', 'A cast-iron weight with a handle for swinging exercises.'),
('Barbell', 'A long bar for weightlifting, with weights attached at each end.'),
('Elliptical Trainer', 'A stationary exercise machine for simulating stair climbing.'),
('Medicine Ball', 'A heavy ball used for strength training.'),
('Rowing Machine', 'A device for simulating the action of watercraft rowing.'),
('Bosu Ball', 'A half-ball platform used for balance and stability exercises.'),
('Jump Rope', 'A length of rope with handles, used for jumping.'),
('Stability Ball', 'A large, inflatable ball used for core exercises.'),
('Boxing Gloves', 'Gloves worn for boxing and martial arts workouts.'),
('Pull-Up Bar', 'A horizontal bar for performing pull-up exercises.'),
('Foam Roller', 'A cylindrical foam device used for self-myofascial release.'),
('TRX Suspension Trainer', 'A system of ropes and webbing for bodyweight exercises.'),
('Exercise Mat', 'A padded mat used for floor exercises and stretching.'),
('Smith Machine', 'A weight machine used for weightlifting exercises.'),
('Stepper', 'A device for simulating the action of climbing stairs.'),
('Battle Ropes', 'Heavy ropes used for cardiovascular and strength training.'),
('Cable Machine', 'A weight machine with adjustable cables for resistance.'),
('Pilates Reformer', 'A specialized apparatus used in Pilates workouts.'),
('Gymnastic Rings', 'Rings suspended from a frame for bodyweight exercises.'),
('Sled', 'A weighted sled for pushing or pulling exercises.'),
('Power Rack', 'A sturdy frame used for weightlifting and squats.'),
('Leg Press Machine', 'A machine for leg and lower body strength training.');


INSERT INTO exercise (name, description, category_id, muscle_group_id) VALUES
('Running', 'Jogging or running for cardiovascular fitness.', 1, NULL),
('Bench Press', 'Lifting weights on a flat bench for chest muscles.', 2, 7),
('Yoga Pose: Downward Dog', 'A yoga pose focusing on stretching and strengthening.', 4, 14),
('Squats', 'A lower body exercise targeting quadriceps and glutes.', 2, 4),
('Jumping Jacks', 'A full-body exercise involving jumping and arm movements.', 1, NULL),
('Plank', 'A core exercise holding a position similar to a push-up.', 3, 1),
('Deadlift', 'Lifting weights from the ground to hip level, targeting multiple muscles.', 2, 6),
('Cycling', 'Riding a stationary or outdoor bicycle for cardiovascular fitness.', 1, NULL),
('Push-Ups', 'A bodyweight exercise for upper body strength.', 2, 2),
('Pilates: Hundreds', 'A Pilates exercise for core strength and endurance.', 3, 1),
('Lunges', 'A lower body exercise involving stepping forward with one leg.', 2, 4),
('Swimming', 'A full-body workout by swimming in water.', 1, NULL),
('Pull-Ups', 'Lifting the body upwards using an overhead bar, targeting upper body muscles.', 2, 8),
('Burpees', 'A full-body exercise involving squatting, jumping, and push-ups.', 2, 16),
('Chest Fly', 'A weightlifting exercise targeting chest muscles with a fly motion.', 2, 7),
('Mountain Climbers', 'A cardio and core exercise involving bringing knees toward the chest.', 1, NULL),
('Russian Twists', 'A core exercise involving twisting the torso while seated or lying down.', 3, 11),
('Box Jumps', 'Jumping onto a box for lower body power and strength.', 2, 4),
('Tricep Dips', 'A bodyweight exercise for targeting the triceps.', 2, 3),
('Hiking', 'Walking in natural terrain for cardiovascular and lower body workout.', 1, NULL),
('Leg Press', 'A weightlifting exercise for lower body strength using a leg press machine.', 2, 4),
('Kettlebell Swings', 'A dynamic exercise using a kettlebell for hip and core strength.', 2, 5),
('Bicep Curls', 'Lifting weights to target the biceps.', 2, 1),
('Battle Rope Waves', 'Waving heavy ropes for cardiovascular and arm strength.', 2, 17),
('Boxing: Jab-Cross', 'A basic combination in boxing for cardio and upper body strength.', 5, 18);

INSERT INTO equipment_for_exercise (exercise_id, equipment_id) VALUES
(1, 11),
(2, 5),
(3, 14),
(4, 12),
(5, 19),
(6, 14),
(7, 5),
(8, 13),
(9, 20),
(10, 16),
(11, 12),
(12, 19),
(13, 15),
(14, 2),
(15, 16),
(16, 19),
(17, 25),
(18, 2),
(19, 11),
(20, 3),
(21, 23),
(22, 8),
(23, 24),
(24, 7),
(25, 14);

INSERT INTO coach_category (category_name) VALUES
('Fitness Trainer'),
('Nutritionist'),
('Yoga Instructor'),
('Mental Health Coach'),
('Weightlifting Coach'),
('Cardiovascular Trainer'),
('Pilates Instructor'),
('CrossFit Coach'),
('Personal Trainer'),
('Running Coach'),
('Cycling Coach'),
('Swimming Instructor'),
('Martial Arts Instructor'),
('Sports Performance Coach'),
('Strength and Conditioning Coach'),
('Wellness Coach'),
('Dance Instructor'),
('Physical Therapist'),
('Rehabilitation Specialist'),
('Flexibility Trainer'),
('Mindfulness Coach'),
('Group Fitness Instructor'),
('Functional Movement Coach'),
('Recovery Specialist'),
('Athletic Trainer');


INSERT INTO state (state_name) VALUES
('Alabama'),
('Alaska'),
('Arizona'),
('Arkansas'),
('California'),
('Colorado'),
('Connecticut'),
('Delaware'),
('Florida'),
('Georgia'),
('Hawaii'),
('Idaho'),
('Illinois'),
('Indiana'),
('Iowa'),
('Kansas'),
('Kentucky'),
('Louisiana'),
('Maine'),
('Maryland'),
('Massachusetts'),
('Michigan'),
('Minnesota'),
('Mississippi'),
('Missouri'),
('Montana'),
('Nebraska'),
('Nevada'),
('New Hampshire'),
('New Jersey'),
('New Mexico'),
('New York'),
('North Carolina'),
('North Dakota'),
('Ohio'),
('Oklahoma'),
('Oregon'),
('Pennsylvania'),
('Rhode Island'),
('South Carolina'),
('South Dakota'),
('Tennessee'),
('Texas'),
('Utah'),
('Vermont'),
('Virginia'),
('Washington'),
('West Virginia'),
('Wisconsin'),
('Wyoming');

INSERT INTO coach (user_id, category_id, bio, state_id) VALUES
(1, 1, 'Certified fitness trainer with a passion for helping clients achieve their goals.', 5),
(2, 3, 'Experienced yoga instructor specializing in vinyasa and mindfulness practices.', 10),
(3, 6, 'Personal trainer dedicated to improving cardiovascular health and endurance.', 15),
(4, 9, 'Certified nutritionist focusing on holistic wellness and balanced nutrition plans.', 20),
(5, 12, 'Experienced mental health coach helping clients manage stress and improve well-being.', 25),
(6, 14, 'CrossFit coach with a focus on functional movement and high-intensity workouts.', 30),
(7, 17, 'Strength and conditioning coach for athletes looking to enhance performance.', 35),
(8, 20, 'Rehabilitation specialist helping clients recover from injuries and improve mobility.', 40),
(9, 23, 'Functional movement coach specializing in bodyweight exercises and mobility drills.', 45),
(10, 25, 'Certified athletic trainer with experience in sports injury prevention and treatment.', 50),
(11, 2, 'Nutritionist with expertise in creating personalized meal plans for weight management.', 2),
(12, 5, 'Weightlifting coach with a focus on powerlifting and strength training techniques.', 7),
(13, 8, 'Pilates instructor emphasizing core strength and flexibility in workouts.', 12);

INSERT INTO workout_plan (user_id, coach_id, plan_name) VALUES
(13, 1, 'Runners Training Plan'),
(14, 2, 'Swim Fit Program'),
(15, 3, 'Dance Fitness Fusion'),
(16, 4, 'Group Workout Fun'),
(17, 5, 'Flexibility and Stretching Routine'),
(18, 6, 'Mindfulness Meditation Series'),
(19, 7, 'Cardiovascular Endurance'),
(20, 8, 'Yoga for Stress Relief'),
(21, 9, 'Sports Performance Enhancement'),
(22, 10, 'Holistic Wellness Journey'),
(23, 11, 'Dance Cardio Party'),
(24, 12, 'Mindful Living and Relaxation'),
(25, 13, 'Fitness Kickstart');


INSERT INTO exercise_in_workout_plan (plan_id, exercise_id, sets, reps, duration_minutes, calories, complete_by_date) VALUES
(1, 1, 3, 12, NULL, NULL, '2023-12-01'),
(1, 2, 4, 10, NULL, NULL, '2023-12-01'),
(2, 3, 3, 15, NULL, NULL, '2023-12-15'),
(2, 4, 4, 12, NULL, NULL, '2023-12-15'),
(3, 5, NULL, NULL, 30, 300, '2023-12-10'),
(3, 6, NULL, NULL, 25, 250, '2023-12-10'),
(4, 7, 3, 12, NULL, NULL, '2023-12-05'),
(4, 8, 4, 10, NULL, NULL, '2023-12-05'),
(5, 9, NULL, NULL, 20, 200, '2023-12-20'),
(5, 10, NULL, NULL, 15, 150, '2023-12-20'),
(6, 11, 3, 15, NULL, NULL, '2023-12-03'),
(6, 12, 4, 12, NULL, NULL, '2023-12-03'),
(7, 13, 3, 12, NULL, NULL, '2023-12-18'),
(7, 14, 4, 10, NULL, NULL, '2023-12-18'),
(8, 15, NULL, NULL, 25, 250, '2023-12-08'),
(8, 16, NULL, NULL, 20, 200, '2023-12-08'),
(9, 17, 3, 15, NULL, NULL, '2023-12-13'),
(9, 18, 4, 12, NULL, NULL, '2023-12-13'),
(10, 19, NULL, NULL, 30, 300, '2023-12-23'),
(10, 20, NULL, NULL, 25, 250, '2023-12-23'),
(11, 21, 3, 12, NULL, NULL, '2023-12-07'),
(11, 22, 4, 10, NULL, NULL, '2023-12-07'),
(12, 23, 3, 15, NULL, NULL, '2023-12-14'),
(12, 24, 4, 12, NULL, NULL, '2023-12-14'),
(13, 25, NULL, NULL, 20, 200, '2023-12-17'),
(13, 1, NULL, NULL, 15, 150, '2023-12-17');


INSERT INTO subscription (subscriber_id, coach_id, subscription_start_date, subscription_end_date, isActive) VALUES
(1, 2, '2023-12-01', '2024-01-01', TRUE),
(2, 4, '2023-12-15', '2024-01-15', TRUE),
(3, 7, '2023-12-10', '2024-01-10', TRUE),
(4, 10, '2023-12-05', '2024-01-05', TRUE),
(5, 13, '2023-12-20', '2024-01-20', TRUE),
(6, 1, '2023-12-03', '2024-01-03', TRUE),
(7, 4, '2023-12-18', '2024-01-18', TRUE),
(8, 7, '2023-12-08', '2024-01-08', TRUE),
(9, 10, '2023-12-13', '2024-01-13', TRUE),
(10, 13, '2023-12-23', '2024-01-23', TRUE),
(11, 3, '2023-12-07', '2024-01-07', TRUE),
(12, 6, '2023-12-14', '2024-01-14', TRUE),
(13, 9, '2023-12-17', '2024-01-17', TRUE),
(14, 12, '2023-12-01', '2024-01-01', TRUE),
(15, 11, '2023-12-15', '2024-01-15', TRUE),
(16, 2, '2023-12-10', '2024-01-10', TRUE),
(17, 5, '2023-12-20', '2024-01-20', TRUE),
(18, 8, '2023-12-03', '2024-01-03', TRUE),
(19, 11, '2023-12-18', '2024-01-18', TRUE),
(20, 12, '2023-12-08', '2024-01-08', TRUE),
(21, 2, '2023-12-13', '2024-01-13', TRUE),
(22, 4, '2023-12-23', '2024-01-23', TRUE),
(23, 7, '2023-12-07', '2024-01-07', TRUE),
(24, 10, '2023-12-14', '2024-01-14', TRUE),
(25, 13, '2023-12-17', '2024-01-17', TRUE);

INSERT INTO exercise_media (exercise_id, coach_id, user_id, media_type, media_url, description, upload_date) VALUES
(1, 1, 1, 'Image', 'https://example.com/image1.jpg', 'Front view of the exercise', '2023-12-01'),
(2, 3, 2, 'Video', 'https://example.com/video1.mp4', 'Demonstration of proper form', '2023-12-15'),
(3, 6, 3, 'Audio', 'https://example.com/audio1.mp3', 'Guided instructions for the exercise', '2023-12-10'),
(4, 9, 4, 'Image', 'https://example.com/image2.jpg', 'Side view of the exercise', '2023-12-05'),
(5, 12, 5, 'Video', 'https://example.com/video2.mp4', 'Tips for maximizing benefits', '2023-12-20'),
(6, 1, NULL, 'Image', 'https://example.com/image3.jpg', 'Alternate angle for better understanding', '2023-12-03'),
(7, 3, NULL, 'Video', 'https://example.com/video3.mp4', 'Common mistakes to avoid', '2023-12-18'),
(8, 6, NULL, 'Audio', 'https://example.com/audio2.mp3', 'Relaxing background music for exercise', '2023-12-08'),
(9, 9, NULL, 'Image', 'https://example.com/image4.jpg', 'Detailed step-by-step guide', '2023-12-13'),
(10, 13, NULL, 'Video', 'https://example.com/video4.mp4', 'Challenge variation for advanced users', '2023-12-23');

INSERT INTO message (sender_id, recipient_id, message_text, sent_date) VALUES
(1, 2, "Hi there! How are you?", '2023-12-01 12:00:00'),
(2, 1, "Hello! I'm doing well, thank you.", '2023-12-01 12:05:00'),
(3, 4, "Hey, do you have any workout recommendations?", '2023-12-02 10:30:00'),
(4, 3, "Sure! What are your fitness goals?", '2023-12-02 10:35:00'),
(5, 6, "I'm looking to improve my cardio endurance.", '2023-12-03 15:20:00'),
(6, 5, "Great! I suggest trying HIIT workouts. They are effective for improving cardio.", '2023-12-03 15:25:00'),
(7, 8, "Hi! Just wanted to check in and see how your fitness journey is going.", '2023-12-04 08:45:00'),
(8, 7, "Thanks for checking in! I've been making good progress. How about you?", '2023-12-04 09:00:00'),
(9, 10, "Hey, are you available for a coaching session this weekend?", '2023-12-05 18:30:00'),
(10, 9, "Yes, I have availability. Let's schedule a session. What time works for you?", '2023-12-05 18:35:00');


INSERT INTO coach_review (coach_id, user_id, rating, review_text, review_date) VALUES
(1, 2, 8, "I had a great experience with this coach. Very knowledgeable and supportive.", '2023-12-01'),
(2, 3, 9, "Excellent coaching! Helped me achieve my fitness goals faster than expected.", '2023-12-02'),
(3, 4, 7, "Good overall experience. Could improve on communication.", '2023-12-03'),
(4, 5, 10, "Outstanding coach! Highly recommended. Improved my strength and stamina significantly.", '2023-12-04'),
(5, 6, 6, "Decent coaching, but not entirely satisfied with the results.", '2023-12-05'),
(6, 7, 8, "This coach knows their stuff. Workouts were challenging and effective.", '2023-12-06'),
(7, 8, 9, "Really enjoyed the coaching sessions. Saw noticeable improvements in my fitness level.", '2023-12-07'),
(8, 9, 5, "Average coaching. Didn't see significant progress during the sessions.", '2023-12-08'),
(9, 10, 7, "The coaching sessions were okay. Expected a bit more personalized guidance.", '2023-12-09'),
(10, 1, 10, "Fantastic coach! Helped me transform my fitness and lifestyle.", '2023-12-10');

INSERT INTO weight_goal (user_id, target_weight, date_to_complete) VALUES
(1, 70, '2023-12-31'),
(2, 65, '2023-12-31'),
(3, 80, '2023-12-31'),
(4, 75, '2023-12-31'),
(5, 68, '2023-12-31'),
(6, 72, '2023-12-31'),
(7, 85, '2023-12-31'),
(8, 78, '2023-12-31'),
(9, 73, '2023-12-31'),
(10, 69, '2023-12-31');

INSERT INTO fitness_goal (user_id, exercise_id, description, date_to_complete) VALUES
(1, 1, 'Complete 100 push-ups in a single session.', '2023-12-31'),
(2, 3, 'Run a 10K without stopping.', '2023-12-31'),
(3, 5, 'Achieve a 200-pound deadlift.', '2023-12-31'),
(4, 7, 'Master the yoga headstand pose.', '2023-12-31'),
(5, 9, 'Complete a triathlon.', '2023-12-31'),
(6, 11, 'Learn and perform a backflip.', '2023-12-31'),
(7, 13, 'Increase bench press max to 250 pounds.', '2023-12-31'),
(8, 15, 'Achieve a 5-minute plank.', '2023-12-31'),
(9, 17, 'Participate in and finish a marathon.', '2023-12-31'),
(10, 19, 'Master a handstand in yoga.', '2023-12-31');
